sentence,classification
"Good morning and welcome to the pre-agenda interview for Wednesday, April 9th 2025, relative to the appointments of Affling Giles to the Clean Pittsburgh Commission and Ms Janet Evans to the Housing Authority.",b
Would a clerk please read the title of the bill: Bill number 986 resolution reappointing Affling Giles as a member of the Clean Pittsburgh Commission with a term to expire September 1st 2028.,b
And.,i
bill number 1668 resolution reappointing Janet Evans as a member of the Housing Authority of the City of Pittsburgh Board of Directors with a term to expire December 31st 2029.,b
Thank you For the record.,i
we're joined by.,i
We're joined by Councilwoman Strasburger as well as Councilwoman Warwick.,i
At this point I'll turn it over to Ms Giles.,i
"Maybe if you would just introduce yourself, tell us a little bit about yourself, why you're excited to be a part of the Clean Pittsburgh Commission.",i
"Sure, My name is Affling Giles.",i
I've worked for the city for going on 15 years.,i
I started off as a sustainability coordinator in the mayor's office and have worked my way up to being the principal planner of sustainability and resilience for the city of Pittsburgh.,i
"One of the wonderful things that I've had the opportunity to do is to be part of the Clean Pittsburgh Commission, which was actually it started off being literally a part of my job, but it was a pleasure to do and to serve on this commission.",i
We've helped to make sure that the city of Pittsburgh stays clean and is in as good a condition as we can.,i
"It's a primarily voluntary opportunity by people not only in the city, within the city of Pittsburgh that work very diligently At waste, but also with a lot of wonderful volunteers from outside of local government that also volunteer their time and their talents in order to help make sure that the city can try to be as clean as possible.",i
"I served for the last two terms as the Clean Pittsburgh Commission's treasurer, So I helped to make sure that all of our fundings, our funds- are being spent And I'm just happy to continue that.",i
Thank you very much.,i
I'll turn it over to Ms Evans if there's anything you would like to say about your reappointment to the Housing Authority.,i
I'm excited.,i
"I've been on the board for a long time And I was able to make a lot of changes for a lot of residents As well as the workers, Especially if they needed new phones or new cars.",i
But that was like in the first couple of years of me being on the board.,i
"I just don't think of my own area, But I think of the Housing Authority all around, And I would like to be reappointed.",i
The reason is I'm there for the residents that help make changes And I want to see what the future is going to be for them.,i
"So I represent a lot of people on the Housing Authority, Thank you, And I want to be not just my own area, but everybody.",i
I'm going to hold this for you because we can't hear.,i
I'm sorry.,i
Do you want me to hold it?,i
"I can do that, You can.",i
"No, you can't hear me.",i
You want me to start from the beginning.,i
"Well, I think we heard you, But those listening, Those listening outside of chambers, may not have heard you.",i
So you don't have to start from the beginning.,i
"I would say: continue where you were, Okay.",i
So a lot of people that I have talked to outside of the Housing Authority- It's very rare for people like myself to have a disability but can get around.,i
I was involved.,i
I was involved.,i
"I was involved In a couple of organizations, like the Access Task Force for many years.",i
"Actually, I'm one of the founders of Access When they started the program.",i
the pilot program was started in 1970.,i
"Oh, yeah, Yeah, In 1978, And then it went through to 1979, When Access is a transportation helping people with disabilities and seniors get out of their homes and do what we all want to do, Like shopping, visiting, going to school and meetings.",i
That's what Access.,i
"Also, I was- I still am- on the Port Authority.",i
I was on the bus And I was one of the ones who tested out the ramps.,i
"Well, at first it was the lift and then the ramps, And I told them what was what.",i
I just want to make sure you understand.,i
"I wasn't the only one that was part of these Committees, But I have helped a lot of them to understand and also reason why we should do certain things.",i
"I don't demand, I don't argue, I just try to reason with everybody And get my point across.",i
So any questions of me.,i
"Thank you, I will turn it over to members if they have questions for either of our guests.",i
Councilwoman Wood.,i
"Sure, Yeah, All right.",i
"So, Afton, I'll start with you.",i
So we have actually been talking a lot about litter.,i
"It's Something that is a big problem in the city of Pittsburgh And I'm curious- Well, to be honest, I'm actually Curious kind of- about the role of the Clean Pittsburgh Commission.",i
"It's not a commission that I am actually super familiar with, Although I am going to be on your next meeting talking about some Trying to get some funding for in school programming with PPS.",i
"But Yeah, So I'd be, I'd be curious to understand, To sort of hear your thoughts on what?",i
"Well, a few things, One sort of the educational side.",i
"Right, I know that we- You know today I'm Allegheny Cleanways- is going to be in Greenfield School talking to the sixth graders.",i
"You know how can we can do more of that sort of that That You know, Starting at the young age, education Efforts Around the city and then also Some of these issues that were that we talked about yesterday at Council.",i
"you know Penn dot not, you know not keeping their roads clean, Our issues with you know, legal issues with You know, illegal dumping and and dealing with properties that are not you know, where folks are just leaving their properties full of garbage and just Anyway, it's kind of open ended.",i
"but Yeah, So I'm curious to hear what the Commission can help address those things or advise us on how to how to help address those things.",i
"So the Commission's been around for a while, because before there was a Commission there really wasn't.",i
"It wasn't a ton other than, you know, a group of people that were sort of volunteering their time to talk about these issues.",i
"So the Commission was formed because they wanted a way to elevate it beyond just a group of, you know, concerned citizens, And so we're really excited about that, And so I think that the Commission has been really involved in that.",i
So I think that the Commission is really committed to making it something more official.,i
Over the years it has has transitioned.,i
at first we had no budget within the last Maybe ten years.,i
"We finally do have a budget, An official budget, And a lot of that Is is dependent on In terms of how those funds are spent.",i
It's dependent on a lot of different programs.,i
"Some, some of it is informed by Council, One of the.",i
"The other thing that we have is a community of focus where a lot of the people that serve on the Council are also members of, like Allegheny Clean Waste, PRC and some of the other other nonprofits within the city of Pittsburgh that particularly deal with waste, and they deal with waste on on a on an annual basis.",i
"We also have, you know, a lot of the people from the city as well, from DPW, myself, from sustainability, where you know Council and members of the community, you know, let us know where some of the pockets are happening And so they.",i
we have a lot of different ways.,i
So that's what we've been doing with regards to legal dumping And some of the other litter.,i
So we- The committee of focus tends to travel From different communities.,i
"we've done Homewood, We've done the hill district, we've done Hazelwood.",i
I think we're moving into the west end this year- Just trying to do what we can to try to make sure that some of the litter that are in those places Get cleaned up.,i
"But there's only so much that we can do, Unfortunately, because Thirty thousand dollars does not go very far, So and the litter keeps coming.",i
"So some of the educational things that we have done, especially with illegal dumping, has been to work with some of the local magistrate judges to let them know how it impacts communities.",i
"There's a lot of cases where, you know, we go through the process of cleaning it up, we go through the process of siting a place, we go through the process of even having the cameras to catch the person that actually did the illegal dumping, and then they get to, you know, to the part where it's time for them to have some sort of sentencing and they either get a slap on the wrist or it's forgiven And it's like, well, you know, we put in a lot of time, we put in a lot of effort for a person to be able to walk away.",i
It sort of undermines some of the process that we do.,i
"basically, For a while we only had one person working on enforcement for the entire city for illegal dumping.",i
"I believe within the last year we've actually hired two, because the person that was doing it retired after many years of service.",i
"But it's a very slow process and I think it's something that we really have to work together on more to make sure that the system's not broken, so that the time that is put into cleaning it up, the time that's in a lot of it, like I said, is volunteer-led.",i
"Even the nonprofits that work on it- you know they have one or two staff people and the rest of the people who are helping to clean up are actually volunteers- to be able to put more resources behind actually helping people to be able to afford to take the time to do this and to be able to take it seriously, not only from the cleanup portion of it, all the way through to making sure it doesn't keep reoccurring.",i
So that's definitely one way that we could work together on trying to make sure that the cycle isn't as broken as it is currently.,i
"basically, We also work on things like composting.",i
"One of the things that we've identified is that you know, we need some sort of a regional waste strategy.",i
"The people from the commission have helped work with me to help to inform the process of and some of the grant funding that we've applied to so that we can try to get that going, so that we can do a zero waste plan, not only for the city of Pittsburgh but for actually Allegheny County as a region.",i
So those are some of the other things that you know me being on the council and having their help and having their ear has also helped to inform us as a city too.,i
So those are some of the a few of the things I'm curious about your thoughts.,i
"So I mean one thing- and you know it sounds simple, but of course it's never simple- but you know is I would kind of love to see DPW treat litter the same way that we treat snow and weeds right As sort of like, or in potholes right as like a seasonal thing, where, at this time of the year when the.",i
you know when the snow is gone and the leaves are gone and we can really see it.,i
that you know.,i
I know that that is not so.,i
"I understand that the environmental services team has this gold plan where essentially it would be like a dedicated crew And then there's- but there's challenges with that as well, just in terms of hiring and you know location, like where does that crew sit?",i
I don't do.,i
has the commission kind of looked at these options or have any recommendations?,i
So the gold plan was one of the things that the commission helped to put together.,i
"So the person who actually wrote the gold plan was on the Clean Pittsburgh Commission for, as the city representative from DPW for many years.",i
"So that's sort of one of the things that actually came out of the commission was the gold plan for litter, because we knew how much of an issue it actually was.",i
"So one of the things that, like I said, and that you mentioned, is resourcing it basically so that DPW has the staff who can put the time towards actually doing that.",i
If I'm sure you are aware that the litter problem in Pittsburgh- I'm sure you are aware that the litter problem in Pittsburgh is that you have to have a lot of people doing it.,i
"You have to have a lot of people doing it, And that's, I think, one of the things that we're seeing at the moment is that the city has a lot of people doing it, And I think that the number of people doing it at the moment in Pittsburgh is almost chronic, And not only inside of the actual city core, but along a lot of the edges of the city and along our riverfronts especially, And that causes other problems that lead into some of the combined sewer overflow issues that we have, Just because of the trash that gets washed away and gets stuck in the places that the water is supposed to be going down.",i
it causes huge problems.,i
"So those are some of the things that really need an actual staff person and actual crew, actual crew put towards so that they can actually have the time to put towards those resources, because a lot of the same people that are doing the same work of helping to do some of the other infrastructure take care of some of the other infrastructure parts of Pittsburgh are also the same people that are also tasked with litter, And it's a little difficult when you don't have enough people to do it, to do all the different things, especially if some other things take priority.",i
"So those are some of the things that we would love to talk to you guys about to try to figure out if there's a way that we can get the dedicated personnel- I mean environmental services- you're talking about only maybe about four or five people that are doing that are literally moving mountains on a daily basis because they not only manage some of the litter issues but they're also managing picking up waste every single day from the 300,000 households that we have within the city.",i
"Well, that's interesting.",i
"So the commission is saying It's the gold plan, That's what we need to do is have the dedicated team.",i
"I personally feel like if we were picking up litter regularly and also being a little more regular about citing, for example, businesses that have litter in front of their business, that once you start to clean it up, it kind of continues.",i
I completely agree.,i
That's good to know.,i
"I mean, that's something for us to consider when budgeting, When budget season rolls on.",i
I know it's something that I've been asking for for a while.,i
"Yeah, I think there was an effort initially to kind of have DPW crews do it, but it didn't work out because it was like there's always something It takes priority.",i
There's a pothole or there's something like causing a block in the roadway or whatever.,i
"There were things that just unfortunately, in terms of urgency, like rise above litter, But it's frustrating because we can't rely on volunteers- It's just not.",i
"It's not reasonable, It's not sustainable.",i
"I mean, I pick up litter in my own neighborhood and it's like you do it and then two weeks later it's It's back.",i
It blows back One quick.,i
And this is again- I know this is maybe something that I've heard from some residents and I feel like I've noticed myself- is: do you have thoughts about this change from the recycling to no bags in the?,i
Because I feel like I have noticed on recycle days there's a lot.,i
"I don't know if it's blowing out of the cans or what, but I don't know if the commission has.",i
But I also understand that the bags muck up the machinery.,i
"Yes, So I think that getting rid of the bags was the right way to go.",i
"I've actually had the unique opportunity to actually go visit some of the recycling center, maybe about five or six years ago.",i
"I'm that old in city years, So I've had a chance to actually go into the plant and see how it works and seeing how it's working, And I think that's really what I've learned- I think that's the first thing that I've learned- is that you can't just go into the recycling center and just go in and see what's going on.",i
"You have to go in and see what's going on, And I think that's really what I've learned, And I think that's the first thing that I've learned is that it's not detrimental having that bag, that plastic bags, being broken and literally mucking up their operations to where they have to shut down, clean up all the equipment before they can start processing again.",i
"And the first level of the recycling system is not only breaking those bags, but then you have people that are on that first piece, that are actually sifting through the waste and having to try to pick out tiny pieces of plastic, because it gets jammed up, it gets melted as part and part of the equipment and it's just.",i
It creates a horrible mess.,i
"I think one of the things that we could do better is to do enforcement in terms of making sure that people actually have lids and are using those lids on their waste, Because a lot of what ends up happening, like you said, is people have open trash- whether it's trash or recycling, they're not using the lids.",i
the lids aren't secured.,i
The lids on the recycling bins actually lock.,i
You push them down and they actually do have sort of a locking mechanism in them And then to help to keep that waste in and contained.,i
"I mean, we have wind in Pittsburgh, It's a thing.",i
"It blows the trash everywhere, it blows the waste everywhere.",i
"So I think even just starting at the first level of just having the appropriate amount of staffing to be able to do the enforcement part of it and then following through the enforcement process from ticketing to actually the finding portion of it, I think would go a long way to help with some of that as well as helping to clean up the pockets, Because some of the litter that we have isn't just a person not caring, Some of it is you know, I put my trash out, the wind came and it started blowing it everywhere, Or it knocked over the trash can and then it starts rolling down the hill or whatever.",i
"So I think that making sure that people have those lids on there are using them appropriately, and then the enforcement to make sure that trash is not just sat open in boxes and things like that, I think will go a long way as well.",i
"And, like you said, education is really also key to make sure that people are also recycling correctly And that people are putting things in the trash correctly as well.",i
"I mean, we do have the policies, It's just a matter of making sure that they're followed through.",i
"in some cases, Yeah, yeah, The lids, I don't know, My lids buckle.",i
"I don't know about other, It's sort of hindsight's 20-20, but I like those attached clamshell lids.",i
"But anyway, maybe the next round, maybe when the city, whenever the So do we want to do both at the same time?",b
"or Yes, Oh, okay, Yeah.",i
"So, Janet, thank you very much for coming down and for all your years of service on the housing authority.",i
"I guess one thing I wanted to ask, because I know that you have been working with Clara in my office on the efforts to get a tenant council organized at Glen Hazel.",i
I don't know if you wanted to talk a little bit about that.,i
I know that that's been a challenge for a lot of people.,i
"Yeah, Yeah, Yeah, Yeah, Yeah, Yeah, Yeah, Yeah, Yeah, Yeah, Yeah, Yeah, Yeah, Yeah, Yeah.",i
I think it'll be a challenge for a number of housing authority properties to get people if you have any advice for folks about how to get people excited about being on their tenant council.,i
How to be on a tenant council: You are able to talk with the manager.,i
"Oh here, Sorry for that.",i
"The reason we, The reason we, The reason why I was excited to be on a tenant council- was I was able to get the group together and talk with the management And over the last four to five years we've been having so many changes in management And actually the property and the high rise where I live in Glen Hazel has really gone downhill And that doesn't make me happy at all.",i
"It started when I came home from the hospital from Cairns And when I went home on the 18th 18th, I was like, really upset.",i
"The property started to go downhill And in the backyard Right now the furniture was stolen And that makes me really unhappy Because I do travel the property at least once a year And I'm not sure if I'm going to be able to get it back, But I'm going to be able to get it back And I'm going to be able to get it back And I'm going to be able to get it back.",i
"But when I did around 18 and 19, I was very disappointed And I told management about it.",i
"But, like I said, they keep changing to management.",i
Now the question getting back to: how do I get people interested in my work?,i
"I don't know, I don't know, I don't know, I don't know.",i
"I've been a leader for over 20 years And I know I've been a leader to people interested, Interested to be on council.",i
"Well, I've been a leader for a long time, Ever since I moved into the high rise, And I wanted to make sure that everybody was attended to.",i
That means that I had a high standard of keeping these people informed.,i
That means that I had a lot of people who would be interested in their work.,i
That means that everybody would be interested in their work And that would be it.,i
"That's, that's what I really wanted to do.",i
"I wanted to be a leader for a long time And, of course, I was not seniors and people with disabilities and also different people from different areas or countries.",i
"As a leader myself, I spoke up to get some of the stuff that we needed.",i
"First, I noticed we needed a social worker, so I went to the Housing Authority and told them we really do need social work to help some of the seniors with their living costs.",i
"And, believe me, I we got it within a year or six months once to a year.",i
"Also, city parks came into the High Rise and serviced them And right now I'm a little disappointed because of the building going downhill.",i
no heat and no parts for the new boiler yet And it's really terrible.,i
I know we're working.,i
"I'm working with one of the directors in the housing authority and we're getting on management, So I'm not sure who's coming in or who's going out.",i
I'm hoping by next month there will be changes.,i
But as a leader I just speak up.,i
"I don't wait for somebody to go and speak, I start speaking up right away And I also offer my advice to management and tell them what's what And if you have any business I can get off to that.",i
anxiety does some trick.,i
"or why don't you, if you're initially as a steward to that repeatingrah viel ty, pFeach &pertich it's salt.",i
to Wogroup ro co ty to U vice?,i
"all shout un, phop, de on newscom.",i
"To me that's my home And I don't want to move out, But I would like to see it improve.",i
Some people say why don't you become a manager?,i
I said I'm going to need some help with that.,i
Sure.,i
"Well, thank you.",i
But also I don't know if any of you have heard the City County Task Force for people with disabilities.,i
"I haven't been with them, but as far as I know I'm still on that committee.",i
So I just I'm all over this.,i
"That's right, Because everybody knows me down here, Yeah, Down in Pittsburgh, Yeah.",i
"Well, thank you, Janet.",i
That's all the questions I have.,i
"So thank you very much, Thanks.",i
Thank you very much.,i
Any other members?,i
Councilwoman Strasburg.,i
"Thank you, Mr Chair.",i
"Well, thank you both for your service, your ongoing service, and your willingness to serve into the future.",i
"Afton, you're one of the first people I met when I started at the city as a staffer more than 10 years ago, And to have your level of experience and institutional memory and knowledge on these issues is just wonderful.",i
The city is fortunate to have you and the commission is fortunate to have you.,i
"The thing I wanted to ask about- and I've asked other candidates for the Clean Pittsburgh Commission as well- is: I keep thinking back to that fabulous report that the Pennsylvania Broadcasting the Resources Council released several years ago on the need for updates to Act 101 at the state level, Like the original recycling, waste reuse bill that was passed in like 1988 at the state level, And clearly it's like a roadmap, for we need this change and this change and like 20 changes and updates to the code to make it easier for cities to do their job to keep our city clean, on everything from recycling to waste, And I think that's a really important thing.",i
I think that's a really important thing.,i
I think that's a really important thing And I think that's a really important thing And I think that's a really important thing.,i
"Does- I know it might not be the charge, but does the commission, or could the commission or would you consider on the commission kind of continuing to track bills that are introduced, even if it means just coordinating with the city's lobbyists and seeing what bills are introduced that might relate to that, Because I think there's increasing interest and energy in It was spoken about yesterday.",i
I've spoken to Councilman mostly about this a couple times.,i
like Council president mentioned it as well- maybe getting a group together from Council to go and get a priority list to speak with members about.,i
"and the challenge with waste and litter is like it's something that everyone comments on but it never gets the priority it needs to pass a bill or to get the- you know the thing over the finish line, especially at the state level when there's so many, so many issues and so many priorities.",i
"So I guess, if we get our act together and are ready for a visit of some sort and are considering some, you know, some set of bills to push, Is that something that the Commission might be able to provide us with?",i
"like, hey, this is the one that would really unlock funding or unlock the ability to do what we need to do.",i
I don't see why not.,i
"I mean absolutely, if that's something that you guys need, and having that interaction and and having Council- even members of Council- attend meetings, which I know, you know you guys do- and sometimes I feel like having that communication and having that task list for us definitely helps us to prioritize what we should be talking about at our meetings.",i
You know we have sort of the standard stuff that we do it all the time in every year.,i
"But if you have a special need, like us, to try to help do some, maybe some policy analysis, There's no reason why we can't do that.",i
"So if you want, like, maybe, a priority list of some of the maybe the top five or 10 priorities or things to to consider, Yeah, it's just a matter of just the ask.",i
So I appreciate it.,i
Thanks for your service.,i
"or, and Janet, thank you for your continued service as well on the task force and the authority, your longstanding service.",i
I really don't have any questions for you.,i
I'm just glad that you are representing the city in that way.,i
So thank you.,i
I can I May I have one.,i
I care about people And I have helped a lot of them.,i
"You know, and why.",i
"I know I'm hardly ever down here Speaking my mind, But I have caregivers That I Can always come down here on the meeting days.",i
"I know I can talk to Boys And Barbara D, to And Claire, And I do appreciate The invitation To come down here To ask me questions About me Reappointed to the board.",i
I don't know if I am We're going to be Appointed.,i
I don't know Because I've had The pleasure Of making Some wise decision.,i
"And the one thing I don't know, if you know about this, We have a while The W.",i
"the first W is Wifi On Wheels And I was Inspiring Me The directors, And they told me I inspired that Van Then go to the community to give me, To pick up People who want to Learn computers, And it's accessible.",i
They are.,i
"They started out with one And now they got two of them And it's really accessible, Because I want to go ahead.",i
"I said: you got to come to my community, I want to try it out And I did, And it was Very good.",i
So Now I was in authority.,i
"I encourage them To Hire within, And that's how May I Tell that story?",i
"All right, Over 20 years ago I was appointed to the board of directors And they were looking for A new executive director.",i
"Well, I went through the list Of resumes And They spent A whole lot Of money From outsiders from Across the nation, Especially out West.",i
"So the president, Executive director.",i
"I read his Resume And so When we were deciding on, I had an executive director As A Breakfast And went to the group And I said: Why are we going all over the country When we can hire Somebody within here That has this Qualification?",i
And They all agreed with me And they thought that was reasonable.,i
And guess what It worked.,i
And I was.,i
I guess in some ways I'm an influencer Because I think a lot about stuff.,i
And So Any other questions?,i
"Really, I really want to hear The questions That might Come up in your minds, And So None, None from me.",i
There might be other questions from others.,i
I'll just say I think that you've highlighted exactly why.,i
"You know, Underscored What I continue to beat the drum on, Which is that Life experience matters, And life experience as representation on boards, Authorities, commissions and councils matters.",i
So Thank you for representing.,i
That's the only questions that I have.,i
Thank you Comments.,i
"Mr Chair, Councilman, Charlotte, Yes, Thank you both for being here and for your willingness to serve.",i
"Miss Evans, I'll just start with you.",i
"I'm very interested in the concept of tenants councils, Something I'm working really hard to get strong tenants councils in my Housing authority properties.",i
"You know I appreciate your, your work with the tenants council And I just be curious If you can Give me anything that I can Take back to my constituents in terms of What is the greatest thing that being part of the tenants council has given you And therefore your building Me.",i
"I was President For a long time My Tenant council Because I was able to talk With management And we used to Talk About, You know, The, The, The, The, The, The, The, The, The, The, The, The, The, The, And we used to have We meetings Once a month With The manager, Not every meeting, And we had problems.",i
"Someone had to take The addition of To go to management And leaves Once a week or a month And speak of all the problems, demand them to fix them, but be reasonable.",i
and the reason why myself I felt that I had a voice with management: not to demand stuff or just reason with them why they needed that.,i
and sometimes that doesn't work.,i
but there has to be some enthusiasm with the tenants in your area.,i
someone needs to kind of get excited of being a leader to help that organization.,i
I have helped.,i
"I don't tell the tenants everything, I just inspire them and ask them to go to management and just talk with them.",i
I don't know really how to say.,i
"there has to be someone in the buildings or areas that are that can speak up for the residents, not really demand stuff but be reasonable and think a little bit.",i
and me I just if I see something that's really wrong.,i
"and right now most of and some of the tenants are starting to talk with management, especially when the elevators break down- No heat, no hot water- and I encourage them to talk to management.",i
"And this past year in our high-rise, actually like the last six months, it's been terrible because of the elevators.",i
"They say there is a plan for emergencies, like when the elevators break down or if there's a fire and the fire department will.",i
"if there's a fire, they will come and check it out and put it out.",i
"I know the last time we had a fire in the high-rise and it wasn't near me, It wasn't near my apartment And they just told me to stay near the balcony.",i
"If it was really if we had to be evacuated, they would help us.",i
"I talked to management in the last couple of months to see if they had a plan for people who have power cuts, who have power cuts, who have power cuts, who have power cuts, who have power cuts, who have power cuts, who have power cuts, who have power cuts, who have power cuts, who have power cuts.",i
"do they have a whole list of people that need the help, Like people bedridden, Like, if there's an emergency at night, I'm bedridden And now I have 24-hour care.",i
"It doesn't always work, But I just talk with the agency and caseworkers what I need.",i
So most of the residents where I live- some of them can help themselves and some need help to get downstairs or out of bed.,i
I'm hoping I'm making sense.,i
"Well, thank you very much And again, I really appreciate your experience there.",i
It's really important for us.,i
We used to have strong tenant councils in our housing authority properties.,i
"We no longer do, and it's something we're continuing to work on with the housing authority.",i
They've really stepped up to try and embrace this with us.,i
"So it's something that helps me and I think, is important for everyone.",i
So thank you for your experience.,i
"Also, when the present executive director, when he got that position, and I encouraged him to have a resident advisory board and have the presidents of the councils meet at least once a month and bring the problems that they're having with the area, And that seemed to work.",i
I haven't been since.,i
"I'm no longer a president in my tenant council, But the tenant council is slowly getting back together.",i
"Barbara, can you speak on that a little bit?",i
"Oh yeah, we have elections coming up.",i
"Anyway, happy to chat offline about how we got there, Thank you, Thank you, I really appreciate your time here and thanks for your willingness to serve.",i
"I do have some questions for you on trash, if that's okay.",i
I'm really red hot about our garbage situation right now.,i
I don't know what's that.,i
"Yeah, I don't know how to say this another way.",i
It gets worse and worse every year and it is not getting better.,i
"Yeah, Yeah, Yeah, Yeah, Yeah, Yeah, Yeah, Yeah, Yeah, Yeah, Yeah, Yeah, Yeah, Yeah, Yeah, Yeah, Yeah, Yeah, Yeah, Yeah, Yeah, Yeah, Yeah, Yeah, Yeah, Yeah, Yeah.",i
And the systems around it are not changing.,i
"So the gold plan was something that was introduced years ago And, although it is something that I think is fantastic, it's not something that's been embraced.",i
"So I'm very frustrated with thinking that by doing the same thing over and over again, we're going to have different results.",i
Are you talking about trash?,i
"Yes, I might have an answer.",i
Can I have the mic back?,i
I apologize.,i
We're talking to Afton about the Clean Pittsburgh Commission.,i
here.,i
I did trash A long time ago.,i
we were told if they don't clean up the trash- and they have trash everywhere- everybody on that particular floor or area is going to get a 50 check.,i
"Not just one person, but the whole floor will get it, because maybe one person or two people are not picking up the trash and putting it where it belongs.",i
"Thank you, I would be curious, Afton, if you've got suggestions on what you think is going to change.",i
"What in 2025 is different than 2024- And you know, I know- that in order for One of the things that needs to happen for us to build or to build out, the gold plan is for the 4th Division in my district to be built so that we can finally have a home base for the folks that are working on the gold plan, which will be the Strip District, the place the 4th Division is working out of right now- That site- I had an old public works employee talk to me just recently and said that site is haunted And frankly, I think that is the best answer that I can understand for what's going on with that project.",i
It's got to be ghosts or something like that.,i
We're eight years on a prefab shed.,i
"So I'm curious, though, like: what do you think is going to change?",i
We're not going to be able to run with a gold.,i
"We're not going to have the 4th Division built this year, so the gold plan team is not going to be in place.",i
We're fighting to hire the anti-litter inspectors.,i
We've passed quality of life ticketing.,i
What is going to change?,i
I can't speak for DPW because I'm not part of DPW.,i
I'm part of planning.,i
I do know that the gold plan was.,i
You know we took a lot of time putting it together.,i
I know that it was sort of put in front of the mayor about maybe three years ago.,i
So in terms of plans coming and being implemented by the city.,i
it's actually kind of a baby.,i
"It takes quite a bit of time for local governments to, unfortunately, make some of the broad stroke moves that need to happen to bring any plan into fruition.",i
"And I think that, you know, with it being in its infancy and actually not even being fully implemented, the way that it was written, it's a little difficult to discuss, to discuss its effectiveness and efficiency until it's actually implemented.",i
So I think that's a big question.,i
"Thank you, Thank you, Thank you, Thank you, Thank you, Thank you, Thank you, Thank you.",i
"So I think some of the things that we can actually do is, like you said, to work on actually hiring the enforcement, actually implementing and going through the steps of implementing the plan, of putting the divisions together, And I think that that's something that we have to continue to actually work on so that it's actually a plan that is functioning.",i
"And I think one of the things that happens in local government is, you know, every four years we have a change in administration, Every two years we have, you know, pretty much a change in council.",i
So it's a constant change in people And that also means a constant change in priorities.,i
"basically, And I think that it's going to require us actually staying the course and being consistent to actually see something through, Because if we keep changing things every time we get something in place and it never has a chance to actually take off and flourish, then that causes issues as well.",i
So I think we need to make the decision of what we're going to do about it And we actually need to follow through and put the resources behind it To make sure that it happens.,i
"And until that happens, we're always going to end up with fragmentation and shifting priorities.",i
So I think that we should actually make it work.,i
"We should actually try to work the plan at the very least, Versus changing it again and then starting from scratch all over again and trying to figure out something else to do.",i
"Yeah, And my suggestion is not to abandon the goal plan by any means.",i
I know the folks that worked on that and worked very hard on it.,i
You know.,i
I know how hard they fought to get a presentation in front of the mayor.,i
to be able to explain that to the mayor's office was very much not accepted the first couple times they had to put that in front.,i
"But thankfully now I guess we've got some buy-in there, But I need help, Like I can't be in my district.",i
"ankles, you know, up to my ankles in trash.",i
We've got to approach this like it's an emergency.,i
I agree with you.,i
What can we change this year?,i
I agree with you.,i
We need to make it a priority.,i
I live in Homewood.,i
"Yeah, Talking about being ankles deep in trash.",i
"Yeah, right, I am waist deep in trash, Yeah, On a daily basis.",i
So I definitely feel your pain.,i
"You know I'm one of the many concerned citizens that take the time to go out almost on a daily basis to help to clean up in front of my own yard, just to try to keep that, you know, together, And then have to clean up around the corner, all the trash that keeps getting dumped And, you know, dumped or just abandoned or blown or whatever else, And it continues to pile up.",i
"So I definitely feel your pain As a, you know, as a concerned citizen, as a resident of Pittsburgh and as a person who works on this, as a, you know, on pretty much a daily basis as part of my job.",i
"Not only, you know, I started off working in energy efficiency and buildings and housing and it's shifted to waste And waste has pretty much carried the last four years of my time at the city in one way or another.",i
So I can definitely say that I am Beyond frustrated with the situation.,i
"So I think that it's good that we finally have the right representation who cares about this issue, to try to elevate it, because it's something that we all have, that we all feel that we all have to deal with, And I think that it's an asset to have you as a concerned person who will help to prioritize this and help to make sure that the policies that we have been pushing for are finally implemented and resourced correctly.",i
"Thank you, Thank you.",i
"That's the only way that I can see us making a difference, or having a change is for it to be- is to have the personnel behind it to make it happen, which we have not had.",i
"We just haven't, I mean, and you've seen the results of not having that for so long, and to the point where it was maybe a small problem that is now chronic.",i
"Yeah, I mean, to be fair, I'm not a concerned person, I'm a pissed person.",i
"Right, I'm trying to use nice language, I'm furious.",i
"Yeah, I'm not a person who's going to say: you know, I'm going to say this, but I do appreciate you saying that.",i
I guess we have the bodies.,i
We know we've got the bodies.,i
"We've never, you know, since times of austerity we've never had more Public Works employees.",i
We don't have the vehicles.,i
We know that that's a problem that continues to be.,i
we continue to underfund the vehicles there.,i
"But I just can't believe that it's just a funding issue, though, Like there has to be other.",i
"I mean, I think that's the biggest problem.",i
There has to be other systemic ways that we can change the system that exists so that it works differently Again.,i
"that's why that was my impetus for quality of life ticketing, which is one piece.",i
but quality of life ticketing will affect private individuals on their property.,i
"It will not affect, you know, the systemic dumping.",i
It will not affect the back alley- stash away a bunch of tickets.,i
It will not affect the TVs and tires.,i
"You know, this weekend for me is we have the major Southside block watch cleanup, one of my favorite events of the year.",i
"But it will, you know, generally the Southside, off of East Carson Street, where we pay a clean team to actually clean the street, remove one ton of trash every month And it'll be back next week Every month we pay to remove that.",i
But other than that the Southside is relatively clean.,i
"Yeah, It's relatively clean.",i
"We've really worked pretty hard on the Southside flats, But you know, what do we do to change all of our neighborhoods?",i
"Like we neighborhoods, especially neighborhoods of need, do not deserve to live like this.",i
"No, I agree.",i
So what are the systemic things that we can change to make that happen?,i
"now, I think that it's going to take a culture shift really within our citizens to understand the cost of waste before they actually take it seriously and try to do something about it.",i
"I know one thing that we really have never touched as a city is the pay as you throw issue, what a lot of other places have, And that's where people actually get a bill for their waste every single month, so that they know exactly what it is they're paying for.",i
And the resources that people sort of take advantage of or not even.,i
"well, they take advantage of them but it's sort of given to them sort of for free.",i
"Just even having, like, your bulk couch carried away is something that you know, people just take for granted.",i
"I think sometimes, Yeah, And it's something that people just don't have in their mind in our city, as you know, the true cost of waste, the true cost of recycling, the true cost of having these volunteers come and help to clean up, And I feel like that's one thing we can possibly consider and it also is something that can actually bring resources directly into DPW for, you know, for waste.",i
I really don't know any other way to make people care about this issue.,i
"I think it's really important that we think about this issue on the individual level, until they actually see how it's impacting them, beyond just seeing it, you know, in front in their front yard and saying, oh, maybe I'll get it tomorrow.",i
"And until there is something that is a carrot for them to help to incentivize them on an individual level, and then there is a stick behind it that says that at some point, if you keep letting it go, that it's going to catch up with you.",i
I don't know what else we can do.,i
"You know, We can send out the flyers, We can do the education, We can do the community meetings, We can, you know, put the volunteer forces together, We can do the cleanups on a monthly basis, But until somebody knows how it's impacting them- and usually, unfortunately, it has to be impacting them to their pocket- it's really difficult to actually try to change this and to push this forward.",i
"So I think the thing that we can do is to look at other places that they're doing waste more successfully and we can try to implement those policies, And one of the ones that we never want to talk about tends to be the pay-as-you-throw issue.",i
"Yeah, I mean, I think you hit on something that is another bee in my bonnet here constantly is looking at other areas and seeing how they do anything.",i
"You know, I think we have a About rewards.",i
What's that?,i
"Rewards And they keep their area clean, Yeah, Yeah, Yeah, Rewards.",i
"Rewards, Oh, sorry, Sorry, Okay, Rewards Like to the area at least have a big reward, Maybe at the end of the year or something they would appreciate, a group dinner or something, Some kind of a reward.",i
"I don't know exactly, But maybe I was just thinking like, if they live in a high-rise or even a community, have a reward for them, like a big dinner or a gift card for the ones that keep their areas clean.",i
"That would be more, That would be the Yeah, Yeah, That would be the incentive, Something like a reward You would have to come up with the idea of.",i
"And the money: Yeah, I'm thinking because what we used to do in my high-rise once a year to give the tenants.",i
"So, Janet, we do need to continue with the interview.",i
I'm sorry to interrupt you.,i
"I apologize, I'm sorry, You know what.",i
I guess that actually does lead me to one other point there.,i
The Clean Pittsburgh Commission used to do the Bob Awards.,i
We still do them.,i
"You still do the Bob Awards, Yeah, every year.",i
"Okay, Can we find out about when they're happening?",i
"Yeah, We're planning it right now And how we can celebrate the?",i
"Yeah, So we do the Bob Awards every year.",i
That's following the waste cleanup that we do.,i
It's the community.,i
"My brain right now is spacing on the name of the event, But we're getting ready to gear up for planning it again this year.",i
So we get all the communities together.,i
They compete.,i
"Green Olympics, Thank you.",i
"Garbage Olympics, Thank you.",i
"Sorry, My brain was spacing.",i
"And then, as part of the Garbage Olympics, we have the Bob Awards.",i
That's what follows.,i
"that, basically, We reward everybody that helps and that partners with the Green Olympics, which is our annual event to help clean up our community.",i
And then we have the Bob Awards.,i
"that not only recognizes the people that participate in that event, but the people who all year long, are champions in cleanup?",i
"Yeah, I'll have.",i
"you know that last year, the top three neighborhoods that won Garbage Olympics all came from my district.",i
Oh wonderful.,i
And I have been on the winning team of the Garbage Olympics over the last three years.,i
"So between multiple neighborhoods, Absolutely.",i
"But yeah, All right.",i
"Anyway, that being said, I want to continue talking about this.",i
"Like I said, I'm very impassioned about this.",i
"So, thank you, No problem, Thank you.",i
"Thank you, Councilman Coghill.",i
do you have any?,i
"I'll be brief, because I know we have to start our meeting, don't we?",i
"Well, there's two things.",i
"One, we have to start our regular meeting, but we're experiencing sound problems, Oh, And so our sound isn't working on Zoom or YouTube right now, Right, So we're going to have to do something about that.",i
We're going to have to do something about that.,i
So we're going to have to do something about that.,i
But I think it's important for us to try to get it to work.,i
"They have to hard reset the system, So we're going to need at least a five-minute break between our pre-agenda and our regular agenda.",i
"Gotcha, So you want me to finish up?",i
"Yes, Any questions I have?",i
"Briefly, Okay, Thank you, I appreciate that And I'm sure our viewers will be glad to not hear me.",i
"if that's the case, All right, So I'm sorry.",i
So it's Ms Giles Giles Giles.,i
"Okay, I didn't know if it's Giles or Giles Giles.",i
are you currently an employee of City?,i
"Yes, Okay, What department are you in City Planning?",i
"Oh, okay, You're in Planning.",i
"Okay, So the Clean Pittsburgh Commission- how many people are on there, Do you know?",i
"Oh gosh, So it fluctuates from year to year.",i
"I think right now we have about seven people, Seven, Okay, And we're looking for more.",i
"So, Right, right, I know very well the Garbage Olympics- And I'll remind my colleague over here that Carrick actually used to clean house every time- And yeah, So we're probably going to have the cleanest side of the river, I think, if we can, And we're going to continue doing what we're doing.",i
"But let me just put it to you bluntly, as I see it, I take it upon myself.",i
"I bought vests, We have signage, We just picking trash up right alongside, especially the streets that come into my district.",i
"It's like the first thing I see, And I'm sure visitors or people who are not from the area, it's probably the first thing they see too.",i
"Right, Yeah, I notice it when I'm in other neighborhoods or wherever I'm at, And I'm very much in line with Councilman Sharland here, where you know it's like.",i
that's why I took it in my own hands.,i
"I'm like, oh my God, it's so filthy.",i
"But I will say this: I have been working with our public works Director Hornstein, our two directors, John McCory- or not directors, what are they called Supervisors, John McCory and Jeff Cook, who both split my district, And I think it's been working great.",i
I get the volunteers.,i
They pick up what's seen alongside these roads- And I'm going to just take a typical road.,i
"It's probably six large, eight, six to ten large bags of- you name it right- everything from diapers to Gatorade bottles to you name it.",i
And public works come along and they also do that work as well.,i
So I really feel like we have gotten my district very clean in just a three week period.,i
So my point is: it's cheap to clean.,i
It really is.,i
"You know, I know there's trucks involved And you know public works come out with their trucks And they have their dump truck and throw things in the back.",i
"But you know we're talking about gas and labor, some on public works.",i
But if you get volunteers you can really do it very inexpensively.,i
"It's a matter of some garbage bags, some gloves and the will.",i
"It really is, But you can comment after I'm done.",i
"Okay, That being said, I'm really proud as to what we've cleaned up so far, And again it's in partnership with public works, But 70 percent of the trash is not being picked up.",i
It's down over the hill.,i
You know It's stuff that public works isn't going to go down there.,i
Maybe they would.,i
I doubt it.,i
I'm talking.,i
you know dangerous hills and you can just see it.,i
"So 70 percent is down over the hill, whether it's blown down there over the years or you name it.",i
We need- I don't know if- public works- I haven't talked to Director Huenstein about this at all yet- But we almost need special crews.,i
"I'm going to call them like the over the hill gang, Not meaning age, But you know- to go down over these hills- And I'm talking, you know, I estimate I'm a, I'm a contractor, So I got a good idea as to what it would take I'm guessing six people over each of these so-called hills.",i
I got probably ten of them that I know about.,i
"It'll take them six people, probably most of the day.",i
"You know Everything from tires, bigger stuff down there.",i
That's where people illegally dump.,i
you know things like that.,i
"So each site is very different, But we need serious resources And I won't be happy until we get that deep clean, until I know I'm getting stuff that you can't see when you're driving by the car.",i
You know We're getting this stuff that you can't see.,i
"That's easy enough with volunteers, I feel in public works, But it's this stuff down over the hill that's been there for years and years And it's dumping debris And again it will take almost a full day for four or five people in each one of these sites that I'm thinking about.",i
"So now I'll know it's a deep clean And then we put up stiff fines and penalties for people that litter, Because one thing I hate is cleaning it up and seeing it back.",i
So Okay With that.,i
"I'm sorry, Ms Johnson, I didn't mean to go on, But I just wanted to give you my full perspective before, Because we're going to probably try to wrap things up here And if you want to comment, please do.",i
"Ms Sure, I think part of the issue is that people do feel that it is cheap to clean, But it's not cheap to clean.",i
"It's costing people a lot and you know, and mental stress, And it costs a lot in their time.",i
So every single one of those volunteers.,i
"if you actually had to pay them to do the work that they're doing, you would see very quickly that it is not cheap to clean.",i
"And you're talking about sending people over hillsides, Which some of these volunteers take it upon themselves to do, And you're asking our DPW staff to do.",i
"And that's not cheap either, Because they're like you said, they're dangerous, steep hillsides And a lot of the trash that falls there and a lot of the trash that people and our volunteers are cleaning up are dangerous things.",i
"You're talking about needles, You're talking about glass, You're talking about weird broken car parts and oil and who knows what that's been dumped.",i
"Mr, Dangerous sides of roads, Ms, Exactly, It's dangerous stuff that puts people at risk.",i
"And, like you said, And I think next week, because people have it in their minds thinking that it's cheap to clean and that it's- oh, somebody else will get it- That they just put it back and leave it on the side- Oh, somebody else will get it, Or that's what I pay them for- is another thing that we often hear.",i
"There have been actual times where I've been part of volunteer crews, Whether it's with just my own time or Girl Scouts, Because I used to be a Girl Scout leader, Where my kids are out there helping to clean up as a community thing, And then somebody literally throws something in front of us and says, oh, it'll keep you in business, It's not cheap to clean.",i
"And I think that that's one of the perceptions that we have to change In Pittsburgh- among ourselves, among our staff and among our communities: that it costs us a lot to not keep our communities clean.",i
"And, like you said, it's a visitor's nightmare to come in, to think that they're coming to this great, beautiful city.",i
"They come through the tunnels, They see this beautiful skyline And then they get into the city or they get into the communities and they're thinking like I'm not sure that I want to move here Because it looks dirty And that's costing us people as well, Ms.",i
"Yeah, And it's costing us.",i
It could be costing us business.,i
So I think that part of the mentality shift that we have to come to is that it's not cheap to clean.,i
"We do have to put resources into it, It's going to cost us time, It's going to cost us effort, And the more that we put into it on the front end will save us in the back end.",i
We shouldn't be on the defense with this issue anymore.,i
"We should be hopefully get to the point, like you said, where we're on the offense of it, Where we're cleaning it up, We're doing the deep dive, And it's not coming back the very next week or sometimes the very next day.",i
"And it's not just the people that are in the city, Pittsburgh, that are just dumping the trash.",i
"Sometimes it's the people that are going through who are just like, oh, here's a good place.",i
"They leave it off and then they go back to where they came from, You know, Because it's a place that they're used to coming.",i
"But I don't want to keep you guys, Mr.",i
"No, that's fine, That's fine.",i
"Ms Yeah, Mr, We are on the offensive in the fourth district.",i
"I will tell you, Ms Yeah, Mr, It's been for two, three years now for me, Ms Yeah, Mr, I've started this.",i
"This is two, three years ago.",i
"We took a more aggressive approach this year because, like Councilman Sharland, I'm like: oh my gosh, And it is partly just because of vegetation.",i
"The snow is gone, The ice is gone.",i
"There it is, It's been there all the time.",i
We just haven't noticed it And we're not going to notice it once it grows over either.,i
So I have focused on main roads right now.,i
"what I can see, The deeper dive I want to do in the winter, after the vegetation goes, of course.",i
"You know, poison ivy.",i
you can't see it.,i
There's a lot of reasons why not to go over there now.,i
For now I'm doing the visual zone And I will disagree with you on it is cheap to pick up garbage.,i
It really is.,i
I know the.,i
"I don't get estimates or stats from the director as to how many people are picking up garbage, How many hours, like his folks have, But they work for the city of Pittsburgh, right.",i
"We're utilizing them, in which I know Director Horenstein supports picking up garbage, Right.",i
"So when they're doing that, that means they're not doing something else.",i
We have to keep that in mind too.,i
I do keep that in mind.,i
"But you know, what to me is more important than anything on their docket is picking up rubbish on the sides of the road.",i
That's the most important thing to me.,i
There's nothing more important than being clean and safe and sterile.,i
"Okay, So you'll come to my district and I'll show you routes that I picked up.",i
and you have done it for nothing.,i
I've done it for nothing.,i
I have volunteers.,i
"Some volunteers I force, but I have volunteers and you know public works come by the only pay, the only expense that we have, is in public work employees, whatever time they come to pick up this stuff, And I have big stuff.",i
So I'm not saying that there's not an expense there.,i
"But if we compare that as to what this city spends on other things, it's a drop in a bucket.",i
It is cheap to clean.,i
Cleaning is cheap.,i
I don't want you know us to spend resources or financial means on anybody.,i
really I don't think we need to.,i
I have so many volunteers in my district.,i
I feel like it's just a matter of keeping them safe.,i
"But you're right, When you get them over the hills, that requires- and again, I haven't talked to the director about this, but that requires serious man hours, Okay, And serious time commitment.",i
"But it needs to be done, I hope by winter.",i
I hope the director and I could get something formulated there where it's our employees actually cleaning it with volunteers.,i
But you know I hesitate to send volunteers down over the hill.,i
"So okay, that's it for me.",i
"Mr President, Thank you very much.",i
"You've worked for the city for a long time now, So I'm very familiar with your work.",i
I'm grateful for your willingness to both serve the city in your formal capacity as well as your work on the.,i
"I'm very grateful for your willingness to both serve the city in your formal capacity as well as your work on the commission, And so I really just thank you for being here.",i
I thank you for answering all of members questions And I thank you for your willingness to serve.,i
Your appointment will come up for a formal vote next week.,i
"We were not allowed to say how we'll vote now, but I believe it'll be more than favorable.",i
"Should be all right, You should be all right, Good way of saying it.",i
"With that, we've exhausted the business of this interview and therefore this meeting is adjourned.",i
"Thank you, Thank you, Thank you, Thank you, Thank you, Thank you, Thank you, Thank you, Thank you, Thank you, Thank you, Thank you, Thank you, Thank you, Thank you, Thank you, Thank you, Thank you, Thank you, Thank you, Thank you, Thank you, Thank you, Thank you, Thank you, Thank you for the great  committee public: Wednesday April 9, 2025.",i
"thank you, May I have a Shot?",b
mr Coghill here.,i
miss gross here.,i
"mr LaValle, mr Mosley, mrs Kells Smith.",i
miss Warwick here.,i
"mr Wilson, miss Strasburger, chair here.",i
"five members present, thank you, and we do need to waive the rules of council.",b
waive rule three to.,i
regarding start time.,i
can I get a motion to waive the rules?,i
so move all those in favor.,i
"aye, rules been waived.",i
our next order of business is public comment.,p
"I would like to remind all speakers that the rules of council state that count that comments are limited to matters of concern, official action or deliberation which are or may be before City Council, and profanity will not be permitted.",i
please state your name and neighborhood for the record.,i
you will have three minutes to speak.,i
the first registered speaker is a Sasha of men afield.,p
Sasha men afield.,i
do not see them here.,i
wait.,i
are there any way?,i
are there any speakers wishing to come to the podium?,p
"good morning, my name is your father at Brown.",i
I live at San Francisco.,i
"I'm a senior at 715 Mercer Street, that's up at the top of the hill.",i
this morning I've wanted to bring- I wanted you to see- the Pittsburgh Courier- and this is from March the 18th through the 25th- as it says that the nwacp president of our branch here in Pittsburgh has resigned.,i
they're saying that we don't have that much membership.,i
now I myself I had been a member of the nwacp and I let it slack.,i
"let it slack, but I will be joining it again.",i
"citizens, and for the ones that are watching, you know we need the nwacp, especially now, but I myself feel that if it wasn't for the nwacp, we wouldn't have some of the freedoms that we have, because we don't have that that much now.",i
"the other thing, another thing I didn't plan on talking about the mayor, but when I see this, this is what I want people to look.",i
see this paper.,i
the city paper says freedom first versus free fear.,i
"you see this: freedom versus fear, and I'm going to show you why.",i
look a bit more again.,i
look how black they made him.,i
"anytime you want to make something look evil or dirty or something to be up, you make him blacker than what he is.",i
now you got your Cory.,i
look at Cory.,i
you got his white face and he's in color.,i
they didn't make him dark like they made the mayor.,i
"when I talk about colorism, that's what I'm talking about.",i
"anytime you're dark, a lot of times you're looked at as being evil.",i
something's wrong with you.,i
"that's why they took the slaves from Africa and brought them over here and beat us and made us what we are, because we're mixed race, because you're white slave owners who were the dregs of the, the prison.",i
you know they.,i
"they let them a lot, a lot of them go.",i
"they were prisoners, they were criminals and then they put them over.",i
"black people, black, well, we used to be called colored or negro, but now we say the color black.",i
"we're not black like this, not black like the color black, but they say that we are.",i
I can remember my daughter.,i
"I have my husband's light complected, so I had one daughter, Nikki, that she's really a real reddish color.",i
"when she was little, Carmen, who was dark like me, said I'm brown and you're orange.",i
"and if you look like, if you had looked at her, she did look orange.",i
I went to work and I was saying that said with my grandbaby what my daughter said.,i
"well, yeah, the white lady took me in the bathroom and she said: you take this piece of paper and put it up against her and tell her that's not orange.",i
"I said: when you take the white piece of paper and put it up against your baby, that's not white.",i
"well, I'll do the same.",i
thank you.,i
"this racism, colorism, next speaker, please.",p
good morning afternoon.,i
"I don't know which one of these special agents, sunshine, I return to send her any voodoo hexes curses, you guys sending me 100 million, billion, trillion google plex.",i
y'all are having court sessions without me being present.,i
it's amazing.,i
"so that means the postal service is being bribed, judges are being bribed, lawyers are being bribed so to pervert the course of justice.",i
so what?,i
I don't get what belongs to me.,i
y'all still having meetings trying to kill me.,i
so I don't get what belongs to me.,i
"really, God's not having it.",i
I promise you he's not.,i
some.,i
715 says: whoever digs a hole and scoops it out falls into the pit they have made.,i
"so whatever hole y'all trying to dig for me to put me in, get ready to go into it yourselves, because what God has for me, it is for me.",i
It's written for me to have what was taken from me and y'all have to give it to me.,i
You can keep delaying it.,i
"The longer you do, the more people are going to get sick and pass away.",i
Don't believe it.,i
Just watch.,i
Whatever you acquire outside of God's will eventually turns to ashes.,i
Remember this: It's ashes to ashes and dust to dust.,i
That's what that's talking about.,i
"Let me pray, Lord, show me anything I've used to find meaning apart from you.",i
"Give me the freedom to lay it all at your feet Right now in my life I'm pursuing only him, not a relationship, not a man.",i
I refuse to live under the counsel of you guys because you're not my man.,i
I refuse to live under the counsel of you guys.,i
You guys are ungodly.,i
"I will never do that, ever.",i
Psalm 5 through 6 says: The arrogant cannot stand in your presence.,i
You hate all who do wrong.,i
You destroy those who tell lies.,i
"The bloodthirsty and deceitful you, Lord, detest.",i
It's just so amazing how bad you guys want me dead.,i
I'm going to keep shining a light on it and God is going to love me.,i
I'm going to make sure that I stay alive and come here and show you that your voodoo you're sending towards me is not working.,i
Why?,i
"Because what belongs to me, what he has for me, it is for me And you have to give it to me.",i
I forgive all of you.,i
"I don't hold anything against any of you, But you better stop doing voodoo, because he's going to take y'all out, one by one.",i
"in Jesus' name, Amen.",i
Thank you very much.,i
Are there any further speakers Seeing none.,p
we will now move on to our standing committee's agenda.,b
Our first committee is the Finance and Law Committee.,b
We have deferred papers: Bill 1634.,b
Bill 1634 resolution repealing an item in Resolution No 512 of 2022.,i
effective date: September 23 2022.,i
In order to rescind the sale.,i
Motion to hold for one week Second Discussion: Seeing none.,i
"All those in favor of a one-week hold: please indicate by saying aye, Aye, Bill will be held for one week.",i
"Madam Clerk, can we please read Bill 1667 and 1691 together: Bill 1667 resolution authorizing the issuance of a warrant in favor of Muhammad Bernie for tuition reimbursement for an amount not to to exceed 33,292 over one year, And.",b
"Bill No 1691 resolution transferring the amount of 33,292 within the 2025 operating budget from City Council Districts salaries and wages regular to City Council Districts employee benefits for the purpose of tuition reimbursement.",i
Question: I'll hold two weeks Second Discussion.,i
"All those in favor of a two-week hold please indicate by saying aye, Aye, Aye, Aye, Bill will.",i
Bills will be held for two weeks.,i
Bill 1675.,b
"Bill No 1675 resolution providing for the sale of certain property in the 23rd Ward in the First Council District of the City of Pittsburgh, acquired by the City of Pittsburgh at tax sale.",i
Motion to hold two weeks Second Discussion: Seeing none.,i
All those in favor of a two-week hold: please indicate by saying aye.,i
Second Be a hold.,i
"Please indicate by saying aye, Aye, Aye, Aye, Aye.",i
All those in favor.,i
"Aye, Bill 1675 will be held for two weeks.",i
New papers: Bill 1687.,b
"Bill 1687 resolution authorizing the issuance of a warrant in favor of the County of Allegheny in an amount not to exceed 13,647 over one year in full.",i
and final settlement of a claim for damage to the glycol line sidewalk heating system at the Allegheny County Courthouse by Domi Traffic Division during sign replacement.,i
Motion to approve the claimzgcom replacement on the Forbes Avenue sidewalk area of the courthouse on December 3rd 2024.,i
Second Discussion: Seeing none.,i
"all those in favor of Bill 1687, please indicate by saying aye, Aye, Aye.",i
Affirmative recommendation.,i
That moves us on to invoices.,b
Do we have a motion on invoices?,i
Second Discussion: Seeing none.,i
"all those in favor of invoices, please indicate by saying aye, Aye, Invoices are approved.",i
That moves us on to P cards.,b
Do I have a motion on P cards?,i
Motion to approve.,i
Second Discussion: Seeing none.,i
"all those in favor of P cards, please indicate by saying aye, Aye, P cards are approved.",i
That moves us on to public safety and water.,b
"Second Begum hockey proverb: Aye, Council, Gotcha Secrets, Any questions?",i
So moved by.,i
"presented by mayor, inflammatory Kite vote.",i
Begum hockey.,i
The Republican Council.,i
"go ahead, please.",i
The ya biazioni.,i
most3 Bill symbolizes this meeting.,i
"Go ahead, Mrs.",i
I scroll down.,i
Regulatory purposes of the approvede of pavilll prescro.,i
"I'm sorry, Thank you.",i
"Discussion: Not really, Is that the request of the Public Safety Director Seeing none.",i
"All those in favor of a three-week hold on Bill 1531, please indicate by saying aye, Aye, Bill will be held for three weeks.",i
"That moves us on to Public Works and Infrastructure Committee, chaired by Council Member Warwick.",b
Bill number 1689.,b
"resolution amending Resolution 803 of 2024, entitled Resolution authorizing the Mayor of the City of Pittsburgh and the Director of the Office of Management and Budget to apply for a grant from the Pennsylvania Department of Economic Development's Multimodal Transportation Fund for the Penn Avenue Lighting Project.",i
"The grant proposal includes an ask of 461,856 for this stated purpose, to accept the grant, reduce the grant amount and authorize necessary expenditures.",i
Motion to approve Second Discussion.,i
"Aye, I do have a question about this, if there's someone present.",i
Thanks.,i
"Should be a pretty quick and easy question, but feel free to introduce yourself, Patrick Cornell, Chief Financial Officer.",i
Thank you.,i
"So forgive me for not looking into this further beforehand, but I know that if all goes well, we'll have a citywide LED lighting project completed.",i
"Is this the same type of lighting, Is it different, Or is this just going to help defray the cost of that in some way?",i
That is a good question.,i
I don't have that answer off the top of my head.,i
My understanding is that this is different and separate from the street light project as a whole.,i
"But I do not have the answer, but I can get it.",i
"Okay, I see Director Lucas here.",i
"We can put her on the spotlight immediately if she knows the answer, Really.",i
Okay.,i
So this is related to Penn Avenue Lighting Project.,i
I don't know if you can come in.,i
"Ooh, a little tech lag between the third floor and the fourth floor.",i
"Yes, yes, And I will use this opportunity to say: we realize that there has been a.",i
there are some technical issues.,i
"We believe it is a Zoom update issue, but we're not sure.",i
But you should be able to watch it via cable on YouTube right now.,i
"even if it's not, the Zoom isn't completely working correctly.",i
"So apologies to everyone, I'm sorry, I'm sorry, I'm sorry.",i
"Okay, So I'm going to turn it over to the next one who might be tuning in, And I also see Councilwoman Gross raising her hand, So maybe we'll start with an interrogatory there and then see if the question's answered.",i
"Oh no, you want to sorry, sorry, sorry, Yes, please.",i
You don't want to answer.,i
"You want to ask your own question, Please.",i
So my question is Director Lucas.,i
Penn Avenue Lighting.,i
it's uncontroversial.,i
It's a grant proposal for 461.,i
This is Bill 1689 Mm-hmm For the Penn Avenue Lighting Project.,i
"Okay, Which is great.",i
"You know, no issue always looking for more funding.",i
"I was just curious if this is to defray the cost of the LED streetlight, Like if this is the same kind of lighting as the citywide LED project, or how is this distinct and like?",i
why is this separate then from that whole project?,i
"Sure, It's an opportunity to enhance that particular business district with additional lighting, like we see in some other corridors, for safety and economic development purposes.",i
So it will go to support.,i
So it's a great opportunity to do that.,i
"And then, if we can't support our project, we didn't want to necessarily divert funds from our base level lighting designs that we have citywide And this was in partnership with the East Liberty Corridor.",i
Chamber of Commerce Got it.,i
"So this is an enhancement, Okay, Mm-hmm, Thank you.",i
That's all I had.,i
"Council Member Gross, Thank you.",i
"Penn Avenue is a very, very long corridor right from downtown to the edge of the city, So I was kind of wondering which part of the project this is.",i
I'm not sure.,i
I'm not sure.,i
I'm not sure.,i
"Okay, So this is for an eight-block stretch and it'll include 96 lights in the main business corridor.",i
"It's from Spirit at the busway to Negley, So mostly District 9 with Spirit Street.",i
"Spirit Street at the busway through Negley- Yes, Mostly District 9 with the one block See right back at the part in District 8 that Scott McMurtry has so graciously reminded us is part of District 8.",i
"Okay, Got it.",i
So the East Liberty Business District.,i
That was my question.,i
"That's all, Thank you.",i
Thank you.,i
Any further questions?,i
discussion?,i
"Councilman Mosley, I just want to thank Domi for your partnership.",i
I was on those emails and I think in an initial meeting we had upstairs to pull together the Chamber of Commerce and the other stakeholders within the East Liberty Business District.,i
So it's good to see this move forward and thank you for your partnership.,i
"Thank you, All right Seeing.",i
no further discussion.,i
"all those in favor of Bill 1689, please indicate by saying aye, Aye, Opposed, Opposed Abstentions: Affirmative recommendation.",i
Thank you both.,i
That moves us on to Bill 1690.,b
"Bill 1690 resolution amending Resolution 133 of 2024, entitled Resolution authorizing the Mayor and the Director of the Department of Public Works to enter into an agreement or agreements or the use of existing agreements between the City of Pittsburgh and Paschak Plus MTR for the professional design services for the Fort Pitt Park Phase I improvements at a cost not to exceed 300,000.",i
"00 By increasing the total city cost of 115,170.",i
"00 for a new total city cost not to exceed 415,170.",i
00 over one year.,i
Motion to approve.,i
Second Discussion Seeing none.,i
all those in favor of Bill 1690 please indicate by saying aye Aye.,i
Affirmative recommendation: That moves us on to Integrated Request of the Board of Trustees: Any discussion: No.,b
All those in favor of Bill 1690 please indicate by saying aye Aye.,i
Second Discussion.,i
Second: Any discussion.,i
Any discussion.,i
Any discussion.,i
I will move the bill on to Intergovernmental and Educational Affairs Committee chaired by Councilman Moseley.,b
I skip.,i
innovation and performance.,i
Is that what you want?,i
"Oh, Yeah, we have one.",i
"I must have, I apologize.",i
"Yeah, innovation and performance.",i
"Oh yeah, You're right, We have to do.",i
"yeah, Okay, I'll work off of- if I could work off of- a paper version, Apologies, Okay, So the.",i
So the motion.,i
"Okay, The motion is now approved.",i
We are ready to move to the next meeting.,i
"Okay, Apologies, So The committee's at the bottom.",i
So I have Intergovernmental Educational Affairs Committee.,b
Do you have one.,i
that's innovation.,i
Innovation.,i
I don't have any papers.,i
I don't have innovation.,i
"Oh, you're right.",i
What's this?,i
We have different agendas.,i
They gave us a new agenda.,i
"Yeah, you weren't here.",i
They switched the agendas So it was different.,i
I'm working off of an agenda that was set at 9.,i
52 am.,i
"There's a new one, if you want.",i
"No, I don't think so.",i
"No, Okay, So I have an agenda.",i
I don't have a agenda.,i
I don't have a agenda.,i
I don't remember there being a new paper last week.,i
"Okay, So we'll move on to Intergovernmental and Educational Affairs Committee, chaired by Councilman Mosley.",b
Bill number 1723.,b
"resolution authorizing the City of Pittsburgh, the Director of Public Works and the Director of Finance to enter into an easement agreement or agreements with Duquesne Light Company and Pittsburgh Water To provide, install, use, own, operate, maintain, repair, renew and finally remove one pole anchor upon city-owned property, six poles, five anchors and overhead wires upon city-owned property collectively the DLC assets.",i
to manage vegetation on a parcel in the vicinity of the DLC assets and to perform landscaping in the vicinity of the DLC assets at no cost to the City.,i
Motion to approve.,i
Second Discussion: Second Seeing: none.,i
"All those in favor of Bill 1723 please indicate by saying aye, Aye, Opposed Abstentions.",i
Affirmative recommendation.,i
New papers: Bill 1681.,b
"Bill 1681 resolution authorizing the issuance of a warrant payable in favor of the Pennsylvania Municipal League for one year subscription in an amount not to exceed 52,962.",i
24.,i
Motion to approve.,i
Second Discussion- Seeing none.,i
"All those in favor of Bill 1681, please indicate by saying aye- Aye.",i
Affirmative recommendation: Bill 1682.,b
"Bill 1682 resolution providing for the issuance of a warrant in favor of the Pennsylvania Public Utility Commission in the amount of 72,500 for delinquent debts owed by the City of Pittsburgh for 811.",i
damage prevention calls.,i
Second Discussion.,i
Second Discussion Seeing none.,i
"All those in favor of Bill 1682, please indicate by saying aye- Aye.",i
Affirmative recommendation.,i
"Bill 1683 Resolution repealing Resolution 366 of 2019, effective June 14 2019, authorizing the Urban Redevelopment Authority of Pittsburgh to acquire all the city's public housing and residential facilities.",b
"Second Discussion- Abstentions: Aye, Opposed.",i
Abstentions- Opposed.,i
"Opposed, Opposed, Opposed, Opposed, Opposed.",i
"The design and disposition of the property will be designed to acquire all the city's right, title and interest, if any, and into the publicly owned property in the 15th Ward City of Pittsburgh, designated in the deed registry office of Allegheny County as Block 56B, lot 345, Council, District 5, at no cost to the city.",i
Motion to approve.,i
Second Discussion- Seeing none.,i
All those in favor of Bill 1683.,i
"please indicate by saying aye, Aye.",i
Affirmative recommendation.,i
Bill 1684.,b
"Bill 1684 resolution approving execution of a contract for disposition by sale of land Between the URA of Pittsburgh and a Pittsburgh land bank for the sale of block 10 J, lots 259 to 260 in a fifth Ward City of Pittsburgh, Aaron Street, council, district number six, at no cost to the city.",i
motion to approve discussion Seeing none.,i
"all those in favor of bill 1684, please indicate by saying aye, Aye, Aye.",i
affirmative recommendation.,i
bill 1685.,b
"bill 1685 resolution approving execution of a contract for disposition by sale of land between the URA of Pittsburgh and Island Avenue Holdings LLC for the cell of block 21 D, lot 42 a in a 27 Ford of the city of Pittsburgh, Island Avenue, Council, district number two, at no cost to the city.",i
motion to approve second discussion Seeing none.,i
all those in favor of bill 1685.,i
"Please indicate by saying aye, aye.",i
affirmative recommendation.,i
bill 1686.,b
"bill 1686 resolution approving execution of a contract for disposition by sale of land between a URA of Pittsburgh and a Pittsburgh land bank for the seller, block 83 a, lot 48, 11th Ward City of Pittsburgh, North Aiken Avenue, Council, district number nine, at no cost to the city.",i
motion to approve second discussion Seeing none.,i
"all those in favor of bill 1684: bill 1684, bill 1686.",i
"please indicate by saying aye, aye, Aye, Affirmative recommendation.",i
that exhausts our meeting agenda.,i
We do have some meeting announcements.,b
"Next week, council will hold their regular meeting on Tuesday April 15th and their standing committee's meeting on Wednesday April 16th, both at 10 am.",i
"To register to speak at these meetings and hearings, please fill out the signup form on the council meeting webpage by the deadline.",i
"You may also call the clerk's office at 4 1, 2, 2, 5, 5, 2, 1, 3, 8.",i
is there anything for members Seeing none?,i
"I will take a motion to excuse the absent members, approve the minutes and adjourn the meeting.",i
"Second, all those in favor: aye meetings adjourned.",i
"I, I, I, I, I, I, I, I, I, I, I, I, I, I, I, I, I, I, I, I, I.",i
